,file,hojas
0,imagen-0.jpg,2360
0,imagen-1.jpg,1653
0,imagen-2.jpg,2312
0,imagen-3.jpg,2329
0,imagen-4.jpg,2412
0,imagen-5.jpg,3279
0,imagen-6.jpg,1658
0,imagen-7.jpg,2355
0,imagen-8.jpg,1558
0,imagen-9.jpg,597
0,imagen-10.jpg,2364
0,imagen-11.jpg,1079
0,imagen-12.jpg,3194
0,imagen-13.jpg,585
0,imagen-14.jpg,1590
0,imagen-15.jpg,3291
0,imagen-16.jpg,1006
0,imagen-17.jpg,553
0,imagen-18.jpg,2389
0,imagen-19.jpg,4265
0,imagen-20.jpg,1063
0,imagen-21.jpg,1061
0,imagen-22.jpg,1008
0,imagen-23.jpg,1673
0,imagen-24.jpg,4129
0,imagen-25.jpg,584
0,imagen-26.jpg,1062
0,imagen-27.jpg,2399
0,imagen-28.jpg,4090
0,imagen-29.jpg,1639
0,imagen-30.jpg,1073
0,imagen-31.jpg,581
0,imagen-32.jpg,568
0,imagen-33.jpg,3263
0,imagen-34.jpg,1637
0,imagen-35.jpg,1088
0,imagen-36.jpg,1043
0,imagen-37.jpg,1586
0,imagen-38.jpg,1735
0,imagen-39.jpg,4117
0,imagen-40.jpg,1664
0,imagen-41.jpg,571
0,imagen-42.jpg,622
0,imagen-43.jpg,578
0,imagen-44.jpg,1007
0,imagen-45.jpg,4243
0,imagen-46.jpg,4300
0,imagen-47.jpg,2402
0,imagen-48.jpg,590
0,imagen-49.jpg,4211
0,imagen-50.jpg,2366
0,imagen-51.jpg,1051
0,imagen-52.jpg,4166
0,imagen-53.jpg,1612
0,imagen-54.jpg,3186
0,imagen-55.jpg,1076
0,imagen-56.jpg,3173
0,imagen-57.jpg,2314
0,imagen-58.jpg,2396
0,imagen-59.jpg,1012
0,imagen-60.jpg,4100
0,imagen-61.jpg,1705
0,imagen-62.jpg,4192
0,imagen-63.jpg,1034
0,imagen-64.jpg,4218
0,imagen-65.jpg,4081
0,imagen-66.jpg,3199
0,imagen-67.jpg,4223
0,imagen-68.jpg,1631
0,imagen-69.jpg,593
0,imagen-70.jpg,584
0,imagen-71.jpg,2303
0,imagen-72.jpg,570
0,imagen-73.jpg,4181
0,imagen-74.jpg,1080
0,imagen-75.jpg,579
0,imagen-76.jpg,583
0,imagen-77.jpg,4236
0,imagen-78.jpg,1598
0,imagen-79.jpg,1580
0,imagen-80.jpg,595
0,imagen-81.jpg,2390
0,imagen-82.jpg,1572
0,imagen-83.jpg,1067
0,imagen-84.jpg,4168
0,imagen-85.jpg,2375
0,imagen-86.jpg,4127
0,imagen-87.jpg,1101
0,imagen-88.jpg,621
0,imagen-89.jpg,1079
0,imagen-90.jpg,1042
0,imagen-91.jpg,4199
0,imagen-92.jpg,3167
0,imagen-93.jpg,3227
0,imagen-94.jpg,4188
0,imagen-95.jpg,614
0,imagen-96.jpg,1072
0,imagen-97.jpg,597
0,imagen-98.jpg,1044
0,imagen-99.jpg,2370
0,imagen-100.jpg,566
0,imagen-101.jpg,1555
0,imagen-102.jpg,1609
0,imagen-103.jpg,1034
0,imagen-104.jpg,1732
0,imagen-105.jpg,1091
0,imagen-106.jpg,1018
0,imagen-107.jpg,566
0,imagen-108.jpg,2340
0,imagen-109.jpg,584
0,imagen-110.jpg,545
0,imagen-111.jpg,649
0,imagen-112.jpg,2316
0,imagen-113.jpg,624
0,imagen-114.jpg,2358
0,imagen-115.jpg,3239
0,imagen-116.jpg,3179
0,imagen-117.jpg,1047
0,imagen-118.jpg,2406
0,imagen-119.jpg,4252
0,imagen-120.jpg,2346
0,imagen-121.jpg,4245
0,imagen-122.jpg,1582
0,imagen-123.jpg,1058
0,imagen-124.jpg,1591
0,imagen-125.jpg,573
0,imagen-126.jpg,1647
0,imagen-127.jpg,2324
0,imagen-128.jpg,3232
0,imagen-129.jpg,3116
0,imagen-130.jpg,4296
0,imagen-131.jpg,1650
0,imagen-132.jpg,3112
0,imagen-133.jpg,1005
0,imagen-134.jpg,1074
0,imagen-135.jpg,4168
0,imagen-136.jpg,1047
0,imagen-137.jpg,1061
0,imagen-138.jpg,2386
0,imagen-139.jpg,1045
0,imagen-140.jpg,3223
0,imagen-141.jpg,2466
0,imagen-142.jpg,1066
0,imagen-143.jpg,2353
0,imagen-144.jpg,1040
0,imagen-145.jpg,2404
0,imagen-146.jpg,1068
0,imagen-147.jpg,590
0,imagen-148.jpg,4152
0,imagen-149.jpg,4268
0,imagen-150.jpg,1053
0,imagen-151.jpg,4170
0,imagen-152.jpg,2399
0,imagen-153.jpg,985
0,imagen-154.jpg,1640
0,imagen-155.jpg,1700
0,imagen-156.jpg,609
0,imagen-157.jpg,2355
0,imagen-158.jpg,2385
0,imagen-159.jpg,596
0,imagen-160.jpg,3270
0,imagen-161.jpg,2370
0,imagen-162.jpg,3215
0,imagen-163.jpg,2335
0,imagen-164.jpg,1037
0,imagen-165.jpg,611
0,imagen-166.jpg,4253
0,imagen-167.jpg,1615
0,imagen-168.jpg,3107
0,imagen-169.jpg,3147
0,imagen-170.jpg,2467
0,imagen-171.jpg,1586
0,imagen-172.jpg,2309
0,imagen-173.jpg,595
0,imagen-174.jpg,2336
0,imagen-175.jpg,2354
0,imagen-176.jpg,4220
0,imagen-177.jpg,2217
0,imagen-178.jpg,1058
0,imagen-179.jpg,2386
0,imagen-180.jpg,2323
0,imagen-181.jpg,4198
0,imagen-182.jpg,4211
0,imagen-183.jpg,2367
0,imagen-184.jpg,579
0,imagen-185.jpg,3164
0,imagen-186.jpg,578
0,imagen-187.jpg,574
0,imagen-188.jpg,1061
0,imagen-189.jpg,4151
0,imagen-190.jpg,2368
0,imagen-191.jpg,1625
0,imagen-192.jpg,1085
0,imagen-193.jpg,1054
0,imagen-194.jpg,1664
0,imagen-195.jpg,1045
0,imagen-196.jpg,1622
0,imagen-197.jpg,2372
0,imagen-198.jpg,2327
0,imagen-199.jpg,1040
0,imagen-200.jpg,2305
0,imagen-201.jpg,1689
0,imagen-202.jpg,1056
0,imagen-203.jpg,3264
0,imagen-204.jpg,1095
0,imagen-205.jpg,1056
0,imagen-206.jpg,1642
0,imagen-207.jpg,1002
0,imagen-208.jpg,1094
0,imagen-209.jpg,4305
0,imagen-210.jpg,4118
0,imagen-211.jpg,3218
0,imagen-212.jpg,593
0,imagen-213.jpg,560
0,imagen-214.jpg,595
0,imagen-215.jpg,1640
0,imagen-216.jpg,4233
0,imagen-217.jpg,2434
0,imagen-218.jpg,2318
0,imagen-219.jpg,592
0,imagen-220.jpg,4187
0,imagen-221.jpg,4171
0,imagen-222.jpg,1605
0,imagen-223.jpg,570
0,imagen-224.jpg,4138
0,imagen-225.jpg,4244
0,imagen-226.jpg,2390
0,imagen-227.jpg,1041
0,imagen-228.jpg,4184
0,imagen-229.jpg,635
0,imagen-230.jpg,3301
0,imagen-231.jpg,591
0,imagen-232.jpg,4218
0,imagen-233.jpg,2389
0,imagen-234.jpg,1083
0,imagen-235.jpg,3178
0,imagen-236.jpg,605
0,imagen-237.jpg,3228
0,imagen-238.jpg,2291
0,imagen-239.jpg,4228
0,imagen-240.jpg,1633
0,imagen-241.jpg,2386
0,imagen-242.jpg,606
0,imagen-243.jpg,1613
0,imagen-244.jpg,584
0,imagen-245.jpg,545
0,imagen-246.jpg,4242
0,imagen-247.jpg,2375
0,imagen-248.jpg,3259
0,imagen-249.jpg,4240
0,imagen-250.jpg,1620
0,imagen-251.jpg,2460
0,imagen-252.jpg,1043
0,imagen-253.jpg,1656
0,imagen-254.jpg,1055
0,imagen-255.jpg,4246
0,imagen-256.jpg,3321
0,imagen-257.jpg,1042
0,imagen-258.jpg,565
0,imagen-259.jpg,4195
0,imagen-260.jpg,1536
0,imagen-261.jpg,2459
0,imagen-262.jpg,4051
0,imagen-263.jpg,1626
0,imagen-264.jpg,1610
0,imagen-265.jpg,637
0,imagen-266.jpg,3186
0,imagen-267.jpg,1582
0,imagen-268.jpg,4352
0,imagen-269.jpg,3210
0,imagen-270.jpg,4212
0,imagen-271.jpg,2293
0,imagen-272.jpg,3108
0,imagen-273.jpg,1630
0,imagen-274.jpg,3161
0,imagen-275.jpg,3246
0,imagen-276.jpg,3078
0,imagen-277.jpg,3223
0,imagen-278.jpg,4224
0,imagen-279.jpg,584
0,imagen-280.jpg,4102
0,imagen-281.jpg,2355
0,imagen-282.jpg,1085
0,imagen-283.jpg,3135
0,imagen-284.jpg,3239
0,imagen-285.jpg,1072
0,imagen-286.jpg,1082
0,imagen-287.jpg,612
0,imagen-288.jpg,568
0,imagen-289.jpg,3250
0,imagen-290.jpg,4223
0,imagen-291.jpg,2397
0,imagen-292.jpg,3109
0,imagen-293.jpg,613
0,imagen-294.jpg,4231
0,imagen-295.jpg,3148
0,imagen-296.jpg,2331
0,imagen-297.jpg,2374
0,imagen-298.jpg,3174
0,imagen-299.jpg,1016
0,imagen-300.jpg,1625
0,imagen-301.jpg,1644
0,imagen-302.jpg,1013
0,imagen-303.jpg,998
0,imagen-304.jpg,582
0,imagen-305.jpg,1685
0,imagen-306.jpg,1594
0,imagen-307.jpg,3251
0,imagen-308.jpg,1038
0,imagen-309.jpg,3097
0,imagen-310.jpg,1028
0,imagen-311.jpg,4179
0,imagen-312.jpg,3290
0,imagen-313.jpg,2350
0,imagen-314.jpg,1658
0,imagen-315.jpg,4167
0,imagen-316.jpg,4254
0,imagen-317.jpg,4077
0,imagen-318.jpg,4248
0,imagen-319.jpg,584
0,imagen-320.jpg,2402
0,imagen-321.jpg,4207
0,imagen-322.jpg,1618
0,imagen-323.jpg,3303
0,imagen-324.jpg,1616
0,imagen-325.jpg,3126
0,imagen-326.jpg,4201
0,imagen-327.jpg,1032
0,imagen-328.jpg,4087
0,imagen-329.jpg,2305
0,imagen-330.jpg,2366
0,imagen-331.jpg,1641
0,imagen-332.jpg,591
0,imagen-333.jpg,574
0,imagen-334.jpg,569
0,imagen-335.jpg,1698
0,imagen-336.jpg,610
0,imagen-337.jpg,609
0,imagen-338.jpg,609
0,imagen-339.jpg,1073
0,imagen-340.jpg,589
0,imagen-341.jpg,2279
0,imagen-342.jpg,582
0,imagen-343.jpg,1039
0,imagen-344.jpg,4097
0,imagen-345.jpg,1640
0,imagen-346.jpg,578
0,imagen-347.jpg,4105
0,imagen-348.jpg,1049
0,imagen-349.jpg,2373
0,imagen-350.jpg,996
0,imagen-351.jpg,1662
0,imagen-352.jpg,1584
0,imagen-353.jpg,1673
0,imagen-354.jpg,592
0,imagen-355.jpg,4184
0,imagen-356.jpg,2305
0,imagen-357.jpg,4209
0,imagen-358.jpg,1055
0,imagen-359.jpg,1656
0,imagen-360.jpg,1662
0,imagen-361.jpg,4286
0,imagen-362.jpg,572
0,imagen-363.jpg,1039
0,imagen-364.jpg,1654
0,imagen-365.jpg,3291
0,imagen-366.jpg,1017
0,imagen-367.jpg,3189
0,imagen-368.jpg,4133
0,imagen-369.jpg,1088
0,imagen-370.jpg,3204
0,imagen-371.jpg,544
0,imagen-372.jpg,1619
0,imagen-373.jpg,625
0,imagen-374.jpg,593
0,imagen-375.jpg,4121
0,imagen-376.jpg,4142
0,imagen-377.jpg,2305
0,imagen-378.jpg,1064
0,imagen-379.jpg,4140
0,imagen-380.jpg,1529
0,imagen-381.jpg,1089
0,imagen-382.jpg,586
0,imagen-383.jpg,2476
0,imagen-384.jpg,3156
0,imagen-385.jpg,2378
0,imagen-386.jpg,608
0,imagen-387.jpg,3278
0,imagen-388.jpg,4204
0,imagen-389.jpg,2297
0,imagen-390.jpg,4239
0,imagen-391.jpg,1681
0,imagen-392.jpg,1645
0,imagen-393.jpg,1655
0,imagen-394.jpg,1001
0,imagen-395.jpg,1701
0,imagen-396.jpg,2366
0,imagen-397.jpg,3214
0,imagen-398.jpg,1008
0,imagen-399.jpg,1025
0,imagen-400.jpg,1061
0,imagen-401.jpg,578
0,imagen-402.jpg,1626
0,imagen-403.jpg,2346
0,imagen-404.jpg,4178
0,imagen-405.jpg,2320
0,imagen-406.jpg,4161
0,imagen-407.jpg,4134
0,imagen-408.jpg,575
0,imagen-409.jpg,1051
0,imagen-410.jpg,4186
0,imagen-411.jpg,633
0,imagen-412.jpg,4282
0,imagen-413.jpg,2397
0,imagen-414.jpg,1589
0,imagen-415.jpg,4143
0,imagen-416.jpg,553
0,imagen-417.jpg,583
0,imagen-418.jpg,2335
0,imagen-419.jpg,608
0,imagen-420.jpg,3236
0,imagen-421.jpg,3174
0,imagen-422.jpg,985
0,imagen-423.jpg,4123
0,imagen-424.jpg,962
0,imagen-425.jpg,1637
0,imagen-426.jpg,1115
0,imagen-427.jpg,1581
0,imagen-428.jpg,1680
0,imagen-429.jpg,1711
0,imagen-430.jpg,4206
0,imagen-431.jpg,597
0,imagen-432.jpg,1631
0,imagen-433.jpg,2321
0,imagen-434.jpg,2354
0,imagen-435.jpg,575
0,imagen-436.jpg,583
0,imagen-437.jpg,3149
0,imagen-438.jpg,3254
0,imagen-439.jpg,1590
0,imagen-440.jpg,2313
0,imagen-441.jpg,4187
0,imagen-442.jpg,1038
0,imagen-443.jpg,3224
0,imagen-444.jpg,1614
0,imagen-445.jpg,4185
0,imagen-446.jpg,1606
0,imagen-447.jpg,563
0,imagen-448.jpg,2393
0,imagen-449.jpg,2311
0,imagen-450.jpg,1051
0,imagen-451.jpg,620
0,imagen-452.jpg,1018
0,imagen-453.jpg,588
0,imagen-454.jpg,4072
0,imagen-455.jpg,4175
0,imagen-456.jpg,583
0,imagen-457.jpg,1564
0,imagen-458.jpg,3183
0,imagen-459.jpg,4240
0,imagen-460.jpg,1634
0,imagen-461.jpg,612
0,imagen-462.jpg,3171
0,imagen-463.jpg,1098
0,imagen-464.jpg,2382
0,imagen-465.jpg,552
0,imagen-466.jpg,2365
0,imagen-467.jpg,1054
0,imagen-468.jpg,4164
0,imagen-469.jpg,622
0,imagen-470.jpg,4191
0,imagen-471.jpg,1650
0,imagen-472.jpg,1095
0,imagen-473.jpg,4112
0,imagen-474.jpg,2361
0,imagen-475.jpg,2349
0,imagen-476.jpg,560
0,imagen-477.jpg,586
0,imagen-478.jpg,544
0,imagen-479.jpg,3272
0,imagen-480.jpg,2353
0,imagen-481.jpg,637
0,imagen-482.jpg,1026
0,imagen-483.jpg,1654
0,imagen-484.jpg,1009
0,imagen-485.jpg,1684
0,imagen-486.jpg,1104
0,imagen-487.jpg,3287
0,imagen-488.jpg,1035
0,imagen-489.jpg,1693
0,imagen-490.jpg,4125
0,imagen-491.jpg,2364
0,imagen-492.jpg,2329
0,imagen-493.jpg,2213
0,imagen-494.jpg,2409
0,imagen-495.jpg,3156
0,imagen-496.jpg,1633
0,imagen-497.jpg,1099
0,imagen-498.jpg,4160
0,imagen-499.jpg,2365
0,imagen-500.jpg,4301
0,imagen-501.jpg,2331
0,imagen-502.jpg,618
0,imagen-503.jpg,1052
0,imagen-504.jpg,1686
0,imagen-505.jpg,1044
0,imagen-506.jpg,4241
0,imagen-507.jpg,1649
0,imagen-508.jpg,610
0,imagen-509.jpg,3185
0,imagen-510.jpg,2327
0,imagen-511.jpg,2359
0,imagen-512.jpg,3206
0,imagen-513.jpg,2369
0,imagen-514.jpg,1046
0,imagen-515.jpg,590
0,imagen-516.jpg,4198
0,imagen-517.jpg,579
0,imagen-518.jpg,4216
0,imagen-519.jpg,2364
0,imagen-520.jpg,3245
0,imagen-521.jpg,584
0,imagen-522.jpg,2395
0,imagen-523.jpg,600
0,imagen-524.jpg,2344
0,imagen-525.jpg,1594
0,imagen-526.jpg,1072
0,imagen-527.jpg,3210
0,imagen-528.jpg,4081
0,imagen-529.jpg,582
0,imagen-530.jpg,3163
0,imagen-531.jpg,613
0,imagen-532.jpg,598
0,imagen-533.jpg,1663
0,imagen-534.jpg,2414
0,imagen-535.jpg,589
0,imagen-536.jpg,3232
0,imagen-537.jpg,1043
0,imagen-538.jpg,4151
0,imagen-539.jpg,1013
0,imagen-540.jpg,2441
0,imagen-541.jpg,551
0,imagen-542.jpg,1058
0,imagen-543.jpg,543
0,imagen-544.jpg,1061
0,imagen-545.jpg,3195
0,imagen-546.jpg,573
0,imagen-547.jpg,589
0,imagen-548.jpg,3187
0,imagen-549.jpg,1595
0,imagen-550.jpg,1035
0,imagen-551.jpg,1634
0,imagen-552.jpg,614
0,imagen-553.jpg,4160
0,imagen-554.jpg,991
0,imagen-555.jpg,3185
0,imagen-556.jpg,4060
0,imagen-557.jpg,1088
0,imagen-558.jpg,4268
0,imagen-559.jpg,3118
0,imagen-560.jpg,570
0,imagen-561.jpg,1052
0,imagen-562.jpg,2394
0,imagen-563.jpg,4163
0,imagen-564.jpg,4239
0,imagen-565.jpg,1036
0,imagen-566.jpg,1586
0,imagen-567.jpg,1606
0,imagen-568.jpg,1624
0,imagen-569.jpg,1655
0,imagen-570.jpg,2329
0,imagen-571.jpg,1131
0,imagen-572.jpg,1615
0,imagen-573.jpg,4109
0,imagen-574.jpg,2363
0,imagen-575.jpg,1060
0,imagen-576.jpg,4256
0,imagen-577.jpg,3199
0,imagen-578.jpg,4199
0,imagen-579.jpg,1703
0,imagen-580.jpg,4139
0,imagen-581.jpg,1058
0,imagen-582.jpg,1041
0,imagen-583.jpg,1024
0,imagen-584.jpg,1041
0,imagen-585.jpg,1038
0,imagen-586.jpg,3126
0,imagen-587.jpg,577
0,imagen-588.jpg,570
0,imagen-589.jpg,3183
0,imagen-590.jpg,4162
0,imagen-591.jpg,4342
0,imagen-592.jpg,4257
0,imagen-593.jpg,3170
0,imagen-594.jpg,595
0,imagen-595.jpg,4213
0,imagen-596.jpg,1047
0,imagen-597.jpg,1018
0,imagen-598.jpg,2259
0,imagen-599.jpg,2319
0,imagen-600.jpg,4146
0,imagen-601.jpg,632
0,imagen-602.jpg,1676
0,imagen-603.jpg,1560
0,imagen-604.jpg,3126
0,imagen-605.jpg,3216
0,imagen-606.jpg,2478
0,imagen-607.jpg,2375
0,imagen-608.jpg,3099
0,imagen-609.jpg,4127
0,imagen-610.jpg,1035
0,imagen-611.jpg,1068
0,imagen-612.jpg,584
0,imagen-613.jpg,4070
0,imagen-614.jpg,1064
0,imagen-615.jpg,3152
0,imagen-616.jpg,4191
0,imagen-617.jpg,3188
0,imagen-618.jpg,3169
0,imagen-619.jpg,4145
0,imagen-620.jpg,2387
0,imagen-621.jpg,586
0,imagen-622.jpg,2258
0,imagen-623.jpg,594
0,imagen-624.jpg,4180
0,imagen-625.jpg,1098
0,imagen-626.jpg,4138
0,imagen-627.jpg,4297
0,imagen-628.jpg,540
0,imagen-629.jpg,2359
0,imagen-630.jpg,1626
0,imagen-631.jpg,4152
0,imagen-632.jpg,2410
0,imagen-633.jpg,589
0,imagen-634.jpg,584
0,imagen-635.jpg,1633
0,imagen-636.jpg,608
0,imagen-637.jpg,2341
0,imagen-638.jpg,2363
0,imagen-639.jpg,1613
0,imagen-640.jpg,1064
0,imagen-641.jpg,576
0,imagen-642.jpg,1030
0,imagen-643.jpg,582
0,imagen-644.jpg,3190
0,imagen-645.jpg,1614
0,imagen-646.jpg,1687
0,imagen-647.jpg,615
0,imagen-648.jpg,2420
0,imagen-649.jpg,599
0,imagen-650.jpg,2324
0,imagen-651.jpg,1031
0,imagen-652.jpg,1047
0,imagen-653.jpg,591
0,imagen-654.jpg,1637
0,imagen-655.jpg,3214
0,imagen-656.jpg,590
0,imagen-657.jpg,3186
0,imagen-658.jpg,1046
0,imagen-659.jpg,1682
0,imagen-660.jpg,4133
0,imagen-661.jpg,1611
0,imagen-662.jpg,1090
0,imagen-663.jpg,1705
0,imagen-664.jpg,3187
0,imagen-665.jpg,1710
0,imagen-666.jpg,1688
0,imagen-667.jpg,2347
0,imagen-668.jpg,610
0,imagen-669.jpg,3273
0,imagen-670.jpg,2299
0,imagen-671.jpg,4295
0,imagen-672.jpg,602
0,imagen-673.jpg,1656
0,imagen-674.jpg,3154
0,imagen-675.jpg,1631
0,imagen-676.jpg,1628
0,imagen-677.jpg,1057
0,imagen-678.jpg,3251
0,imagen-679.jpg,3173
0,imagen-680.jpg,552
0,imagen-681.jpg,552
0,imagen-682.jpg,1663
0,imagen-683.jpg,2437
0,imagen-684.jpg,2362
0,imagen-685.jpg,1664
0,imagen-686.jpg,1031
0,imagen-687.jpg,1659
0,imagen-688.jpg,3224
0,imagen-689.jpg,1044
0,imagen-690.jpg,3268
0,imagen-691.jpg,1699
0,imagen-692.jpg,600
0,imagen-693.jpg,4207
0,imagen-694.jpg,4177
0,imagen-695.jpg,4225
0,imagen-696.jpg,3271
0,imagen-697.jpg,1652
0,imagen-698.jpg,3188
0,imagen-699.jpg,1653
0,imagen-700.jpg,618
0,imagen-701.jpg,1681
0,imagen-702.jpg,1095
0,imagen-703.jpg,4265
0,imagen-704.jpg,2435
0,imagen-705.jpg,4156
0,imagen-706.jpg,3204
0,imagen-707.jpg,4253
0,imagen-708.jpg,581
0,imagen-709.jpg,2404
0,imagen-710.jpg,3221
0,imagen-711.jpg,3221
0,imagen-712.jpg,1690
0,imagen-713.jpg,1051
0,imagen-714.jpg,1072
0,imagen-715.jpg,607
0,imagen-716.jpg,1042
0,imagen-717.jpg,1042
0,imagen-718.jpg,1086
0,imagen-719.jpg,3190
0,imagen-720.jpg,1039
0,imagen-721.jpg,4108
0,imagen-722.jpg,1628
0,imagen-723.jpg,1677
0,imagen-724.jpg,3106
0,imagen-725.jpg,2377
0,imagen-726.jpg,3147
0,imagen-727.jpg,1669
0,imagen-728.jpg,639
0,imagen-729.jpg,1663
0,imagen-730.jpg,1663
0,imagen-731.jpg,603
0,imagen-732.jpg,1668
0,imagen-733.jpg,1052
0,imagen-734.jpg,1026
0,imagen-735.jpg,2390
0,imagen-736.jpg,2350
0,imagen-737.jpg,1019
0,imagen-738.jpg,1061
0,imagen-739.jpg,1018
0,imagen-740.jpg,4274
0,imagen-741.jpg,559
0,imagen-742.jpg,2382
0,imagen-743.jpg,1598
0,imagen-744.jpg,4122
0,imagen-745.jpg,588
0,imagen-746.jpg,3176
0,imagen-747.jpg,1595
0,imagen-748.jpg,4117
0,imagen-749.jpg,1605
0,imagen-750.jpg,1685
0,imagen-751.jpg,4284
0,imagen-752.jpg,1062
0,imagen-753.jpg,2259
0,imagen-754.jpg,3254
0,imagen-755.jpg,2344
0,imagen-756.jpg,3244
0,imagen-757.jpg,3210
0,imagen-758.jpg,4220
0,imagen-759.jpg,3168
0,imagen-760.jpg,1612
0,imagen-761.jpg,2373
0,imagen-762.jpg,1704
0,imagen-763.jpg,2349
0,imagen-764.jpg,3189
0,imagen-765.jpg,2316
0,imagen-766.jpg,1026
0,imagen-767.jpg,608
0,imagen-768.jpg,3265
0,imagen-769.jpg,2385
0,imagen-770.jpg,3221
0,imagen-771.jpg,1648
0,imagen-772.jpg,2358
0,imagen-773.jpg,3156
0,imagen-774.jpg,4244
0,imagen-775.jpg,4308
0,imagen-776.jpg,2363
0,imagen-777.jpg,2393
0,imagen-778.jpg,1057
0,imagen-779.jpg,2279
0,imagen-780.jpg,605
0,imagen-781.jpg,1631
0,imagen-782.jpg,4151
0,imagen-783.jpg,4262
0,imagen-784.jpg,1076
0,imagen-785.jpg,3255
0,imagen-786.jpg,1551
0,imagen-787.jpg,4125
0,imagen-788.jpg,1697
0,imagen-789.jpg,612
0,imagen-790.jpg,4227
0,imagen-791.jpg,1577
0,imagen-792.jpg,2351
0,imagen-793.jpg,4144
0,imagen-794.jpg,2291
0,imagen-795.jpg,1734
0,imagen-796.jpg,571
0,imagen-797.jpg,1050
0,imagen-798.jpg,3248
0,imagen-799.jpg,1093
0,imagen-800.jpg,1578
0,imagen-801.jpg,588
0,imagen-802.jpg,3176
0,imagen-803.jpg,1001
0,imagen-804.jpg,1043
0,imagen-805.jpg,4084
0,imagen-806.jpg,4315
0,imagen-807.jpg,2382
0,imagen-808.jpg,2349
0,imagen-809.jpg,1092
0,imagen-810.jpg,4181
0,imagen-811.jpg,4168
0,imagen-812.jpg,2312
0,imagen-813.jpg,2376
0,imagen-814.jpg,3283
0,imagen-815.jpg,1057
0,imagen-816.jpg,1074
0,imagen-817.jpg,4187
0,imagen-818.jpg,2383
0,imagen-819.jpg,4270
0,imagen-820.jpg,2349
0,imagen-821.jpg,3194
0,imagen-822.jpg,4303
0,imagen-823.jpg,984
0,imagen-824.jpg,1662
0,imagen-825.jpg,1662
0,imagen-826.jpg,1029
0,imagen-827.jpg,596
0,imagen-828.jpg,4129
0,imagen-829.jpg,593
0,imagen-830.jpg,1645
0,imagen-831.jpg,3127
0,imagen-832.jpg,1055
0,imagen-833.jpg,594
0,imagen-834.jpg,1603
0,imagen-835.jpg,4117
0,imagen-836.jpg,1584
0,imagen-837.jpg,595
0,imagen-838.jpg,4189
0,imagen-839.jpg,3261
0,imagen-840.jpg,1673
0,imagen-841.jpg,2346
0,imagen-842.jpg,1719
0,imagen-843.jpg,1003
0,imagen-844.jpg,1031
0,imagen-845.jpg,4208
0,imagen-846.jpg,4112
0,imagen-847.jpg,1593
0,imagen-848.jpg,1649
0,imagen-849.jpg,618
0,imagen-850.jpg,1028
0,imagen-851.jpg,2284
0,imagen-852.jpg,572
0,imagen-853.jpg,4320
0,imagen-854.jpg,2364
0,imagen-855.jpg,621
0,imagen-856.jpg,4213
0,imagen-857.jpg,564
0,imagen-858.jpg,3089
0,imagen-859.jpg,4210
0,imagen-860.jpg,1658
0,imagen-861.jpg,4046
0,imagen-862.jpg,3243
0,imagen-863.jpg,1085
0,imagen-864.jpg,568
0,imagen-865.jpg,2316
0,imagen-866.jpg,2403
0,imagen-867.jpg,3155
0,imagen-868.jpg,617
0,imagen-869.jpg,1594
0,imagen-870.jpg,4232
0,imagen-871.jpg,1657
0,imagen-872.jpg,4208
0,imagen-873.jpg,1586
0,imagen-874.jpg,4176
0,imagen-875.jpg,1050
0,imagen-876.jpg,573
0,imagen-877.jpg,1050
0,imagen-878.jpg,2358
0,imagen-879.jpg,1667
0,imagen-880.jpg,4157
0,imagen-881.jpg,579
0,imagen-882.jpg,4096
0,imagen-883.jpg,3191
0,imagen-884.jpg,3202
0,imagen-885.jpg,2340
0,imagen-886.jpg,1579
0,imagen-887.jpg,2379
0,imagen-888.jpg,3148
0,imagen-889.jpg,3147
0,imagen-890.jpg,588
0,imagen-891.jpg,643
0,imagen-892.jpg,4184
0,imagen-893.jpg,1061
0,imagen-894.jpg,4139
0,imagen-895.jpg,1640
0,imagen-896.jpg,2343
0,imagen-897.jpg,3236
0,imagen-898.jpg,2391
0,imagen-899.jpg,1650
0,imagen-900.jpg,2382
0,imagen-901.jpg,4145
0,imagen-902.jpg,2329
0,imagen-903.jpg,1046
0,imagen-904.jpg,1071
0,imagen-905.jpg,3234
0,imagen-906.jpg,3263
0,imagen-907.jpg,2389
0,imagen-908.jpg,588
0,imagen-909.jpg,3191
0,imagen-910.jpg,581
0,imagen-911.jpg,1032
0,imagen-912.jpg,1041
0,imagen-913.jpg,2415
0,imagen-914.jpg,618
0,imagen-915.jpg,3161
0,imagen-916.jpg,2391
0,imagen-917.jpg,3217
0,imagen-918.jpg,3220
0,imagen-919.jpg,4211
0,imagen-920.jpg,584
0,imagen-921.jpg,2311
0,imagen-922.jpg,2382
0,imagen-923.jpg,4101
0,imagen-924.jpg,3238
0,imagen-925.jpg,3247
0,imagen-926.jpg,2321
0,imagen-927.jpg,4159
0,imagen-928.jpg,2433
0,imagen-929.jpg,1048
0,imagen-930.jpg,2321
0,imagen-931.jpg,1548
0,imagen-932.jpg,1613
0,imagen-933.jpg,4248
0,imagen-934.jpg,4200
0,imagen-935.jpg,2391
0,imagen-936.jpg,1030
0,imagen-937.jpg,4151
0,imagen-938.jpg,2405
0,imagen-939.jpg,2321
0,imagen-940.jpg,2334
0,imagen-941.jpg,3228
0,imagen-942.jpg,980
0,imagen-943.jpg,4213
0,imagen-944.jpg,1047
0,imagen-945.jpg,4202
0,imagen-946.jpg,551
0,imagen-947.jpg,4180
0,imagen-948.jpg,4205
0,imagen-949.jpg,1062
0,imagen-950.jpg,3141
0,imagen-951.jpg,609
0,imagen-952.jpg,612
0,imagen-953.jpg,1014
0,imagen-954.jpg,2399
0,imagen-955.jpg,3257
0,imagen-956.jpg,4132
0,imagen-957.jpg,2372
0,imagen-958.jpg,1604
0,imagen-959.jpg,619
0,imagen-960.jpg,1635
0,imagen-961.jpg,576
0,imagen-962.jpg,4090
0,imagen-963.jpg,4260
0,imagen-964.jpg,4173
0,imagen-965.jpg,1671
0,imagen-966.jpg,1587
0,imagen-967.jpg,1628
0,imagen-968.jpg,4059
0,imagen-969.jpg,1049
0,imagen-970.jpg,3190
0,imagen-971.jpg,1672
0,imagen-972.jpg,4207
0,imagen-973.jpg,591
0,imagen-974.jpg,1112
0,imagen-975.jpg,617
0,imagen-976.jpg,2332
0,imagen-977.jpg,3098
0,imagen-978.jpg,3078
0,imagen-979.jpg,1666
0,imagen-980.jpg,2349
0,imagen-981.jpg,1574
0,imagen-982.jpg,4219
0,imagen-983.jpg,555
0,imagen-984.jpg,3241
0,imagen-985.jpg,3227
0,imagen-986.jpg,582
0,imagen-987.jpg,2362
0,imagen-988.jpg,1029
0,imagen-989.jpg,2365
0,imagen-990.jpg,2340
0,imagen-991.jpg,1618
0,imagen-992.jpg,2317
0,imagen-993.jpg,629
0,imagen-994.jpg,4377
0,imagen-995.jpg,2366
0,imagen-996.jpg,4113
0,imagen-997.jpg,1661
0,imagen-998.jpg,2399
0,imagen-999.jpg,3178
0,imagen-1000.jpg,3186
0,imagen-1001.jpg,575
0,imagen-1002.jpg,545
0,imagen-1003.jpg,2369
0,imagen-1004.jpg,4157
0,imagen-1005.jpg,1611
0,imagen-1006.jpg,1046
0,imagen-1007.jpg,2382
0,imagen-1008.jpg,1042
0,imagen-1009.jpg,1650
0,imagen-1010.jpg,1600
0,imagen-1011.jpg,3201
0,imagen-1012.jpg,4217
0,imagen-1013.jpg,593
0,imagen-1014.jpg,607
0,imagen-1015.jpg,1064
0,imagen-1016.jpg,1592
0,imagen-1017.jpg,4224
0,imagen-1018.jpg,618
0,imagen-1019.jpg,1648
0,imagen-1020.jpg,1587
0,imagen-1021.jpg,2320
0,imagen-1022.jpg,1661
0,imagen-1023.jpg,1654
0,imagen-1024.jpg,3238
0,imagen-1025.jpg,3214
0,imagen-1026.jpg,2315
0,imagen-1027.jpg,1577
0,imagen-1028.jpg,1594
0,imagen-1029.jpg,2372
0,imagen-1030.jpg,4135
0,imagen-1031.jpg,3295
0,imagen-1032.jpg,1579
0,imagen-1033.jpg,2397
0,imagen-1034.jpg,3069
0,imagen-1035.jpg,4129
0,imagen-1036.jpg,2345
0,imagen-1037.jpg,2292
0,imagen-1038.jpg,3270
0,imagen-1039.jpg,3167
0,imagen-1040.jpg,606
0,imagen-1041.jpg,1060
0,imagen-1042.jpg,4206
0,imagen-1043.jpg,2326
0,imagen-1044.jpg,2383
0,imagen-1045.jpg,1579
0,imagen-1046.jpg,626
0,imagen-1047.jpg,598
0,imagen-1048.jpg,3241
0,imagen-1049.jpg,2456
0,imagen-1050.jpg,1702
0,imagen-1051.jpg,570
0,imagen-1052.jpg,607
0,imagen-1053.jpg,1020
0,imagen-1054.jpg,3192
0,imagen-1055.jpg,576
0,imagen-1056.jpg,612
0,imagen-1057.jpg,625
0,imagen-1058.jpg,4203
0,imagen-1059.jpg,570
0,imagen-1060.jpg,1047
0,imagen-1061.jpg,4311
0,imagen-1062.jpg,605
0,imagen-1063.jpg,4305
0,imagen-1064.jpg,1070
0,imagen-1065.jpg,3260
0,imagen-1066.jpg,1076
0,imagen-1067.jpg,1637
0,imagen-1068.jpg,1631
0,imagen-1069.jpg,3215
0,imagen-1070.jpg,579
0,imagen-1071.jpg,2396
0,imagen-1072.jpg,1628
0,imagen-1073.jpg,1668
0,imagen-1074.jpg,4223
0,imagen-1075.jpg,1530
0,imagen-1076.jpg,2331
0,imagen-1077.jpg,1031
0,imagen-1078.jpg,1042
0,imagen-1079.jpg,3200
0,imagen-1080.jpg,2385
0,imagen-1081.jpg,1647
0,imagen-1082.jpg,1716
0,imagen-1083.jpg,3226
0,imagen-1084.jpg,3290
0,imagen-1085.jpg,2357
0,imagen-1086.jpg,2264
0,imagen-1087.jpg,1658
0,imagen-1088.jpg,1003
0,imagen-1089.jpg,3182
0,imagen-1090.jpg,595
0,imagen-1091.jpg,608
0,imagen-1092.jpg,4322
0,imagen-1093.jpg,2422
0,imagen-1094.jpg,595
0,imagen-1095.jpg,643
0,imagen-1096.jpg,1615
0,imagen-1097.jpg,1017
0,imagen-1098.jpg,1060
0,imagen-1099.jpg,601
0,imagen-1100.jpg,2431
0,imagen-1101.jpg,1657
0,imagen-1102.jpg,1723
0,imagen-1103.jpg,4256
0,imagen-1104.jpg,3083
0,imagen-1105.jpg,3293
0,imagen-1106.jpg,1011
0,imagen-1107.jpg,4241
0,imagen-1108.jpg,569
0,imagen-1109.jpg,2344
0,imagen-1110.jpg,581
0,imagen-1111.jpg,589
0,imagen-1112.jpg,1001
0,imagen-1113.jpg,4180
0,imagen-1114.jpg,1070
0,imagen-1115.jpg,3207
0,imagen-1116.jpg,4257
0,imagen-1117.jpg,1025
0,imagen-1118.jpg,3253
0,imagen-1119.jpg,1698
0,imagen-1120.jpg,1048
0,imagen-1121.jpg,3213
0,imagen-1122.jpg,590
0,imagen-1123.jpg,3150
0,imagen-1124.jpg,1596
0,imagen-1125.jpg,3208
0,imagen-1126.jpg,4224
0,imagen-1127.jpg,3306
0,imagen-1128.jpg,1018
0,imagen-1129.jpg,2359
0,imagen-1130.jpg,603
0,imagen-1131.jpg,595
0,imagen-1132.jpg,2424
0,imagen-1133.jpg,629
0,imagen-1134.jpg,2344
0,imagen-1135.jpg,1067
0,imagen-1136.jpg,2386
0,imagen-1137.jpg,2410
0,imagen-1138.jpg,1651
0,imagen-1139.jpg,1055
0,imagen-1140.jpg,1630
0,imagen-1141.jpg,2312
0,imagen-1142.jpg,1040
0,imagen-1143.jpg,1632
0,imagen-1144.jpg,1048
0,imagen-1145.jpg,4146
0,imagen-1146.jpg,4171
0,imagen-1147.jpg,3154
0,imagen-1148.jpg,1658
0,imagen-1149.jpg,1078
0,imagen-1150.jpg,1648
0,imagen-1151.jpg,3311
0,imagen-1152.jpg,1695
0,imagen-1153.jpg,3124
0,imagen-1154.jpg,580
0,imagen-1155.jpg,605
0,imagen-1156.jpg,2511
0,imagen-1157.jpg,4235
0,imagen-1158.jpg,4314
0,imagen-1159.jpg,4222
0,imagen-1160.jpg,1666
0,imagen-1161.jpg,2336
0,imagen-1162.jpg,2292
0,imagen-1163.jpg,1047
0,imagen-1164.jpg,2287
0,imagen-1165.jpg,999
0,imagen-1166.jpg,1030
0,imagen-1167.jpg,589
0,imagen-1168.jpg,1059
0,imagen-1169.jpg,3208
0,imagen-1170.jpg,4129
0,imagen-1171.jpg,3208
0,imagen-1172.jpg,1639
0,imagen-1173.jpg,1639
0,imagen-1174.jpg,1622
0,imagen-1175.jpg,3202
0,imagen-1176.jpg,4312
0,imagen-1177.jpg,570
0,imagen-1178.jpg,1045
0,imagen-1179.jpg,1037
0,imagen-1180.jpg,4267
0,imagen-1181.jpg,566
0,imagen-1182.jpg,550
0,imagen-1183.jpg,1104
0,imagen-1184.jpg,4063
0,imagen-1185.jpg,1036
0,imagen-1186.jpg,1007
0,imagen-1187.jpg,1604
0,imagen-1188.jpg,2367
0,imagen-1189.jpg,3143
0,imagen-1190.jpg,4149
0,imagen-1191.jpg,3202
0,imagen-1192.jpg,587
0,imagen-1193.jpg,4169
0,imagen-1194.jpg,1026
0,imagen-1195.jpg,4133
0,imagen-1196.jpg,1058
0,imagen-1197.jpg,4239
0,imagen-1198.jpg,4235
0,imagen-1199.jpg,4199
0,imagen-1200.jpg,2327
0,imagen-1201.jpg,4205
0,imagen-1202.jpg,2409
0,imagen-1203.jpg,3314
0,imagen-1204.jpg,1033
0,imagen-1205.jpg,3252
0,imagen-1206.jpg,3219
0,imagen-1207.jpg,2367
0,imagen-1208.jpg,1053
0,imagen-1209.jpg,590
0,imagen-1210.jpg,578
0,imagen-1211.jpg,553
0,imagen-1212.jpg,3248
0,imagen-1213.jpg,2431
0,imagen-1214.jpg,1658
0,imagen-1215.jpg,1693
0,imagen-1216.jpg,3178
0,imagen-1217.jpg,1573
0,imagen-1218.jpg,1050
0,imagen-1219.jpg,1092
0,imagen-1220.jpg,554
0,imagen-1221.jpg,594
0,imagen-1222.jpg,1669
0,imagen-1223.jpg,3172
0,imagen-1224.jpg,4206
0,imagen-1225.jpg,2354
0,imagen-1226.jpg,2324
0,imagen-1227.jpg,1614
0,imagen-1228.jpg,568
0,imagen-1229.jpg,2401
0,imagen-1230.jpg,1677
0,imagen-1231.jpg,1026
0,imagen-1232.jpg,1050
0,imagen-1233.jpg,4117
0,imagen-1234.jpg,3205
0,imagen-1235.jpg,2442
0,imagen-1236.jpg,1072
0,imagen-1237.jpg,4128
0,imagen-1238.jpg,2376
0,imagen-1239.jpg,4226
0,imagen-1240.jpg,4267
0,imagen-1241.jpg,2256
0,imagen-1242.jpg,1082
0,imagen-1243.jpg,3261
0,imagen-1244.jpg,596
0,imagen-1245.jpg,4191
0,imagen-1246.jpg,4202
0,imagen-1247.jpg,1059
0,imagen-1248.jpg,1639
0,imagen-1249.jpg,2426
0,imagen-1250.jpg,552
0,imagen-1251.jpg,550
0,imagen-1252.jpg,1703
0,imagen-1253.jpg,3167
0,imagen-1254.jpg,1015
0,imagen-1255.jpg,4185
0,imagen-1256.jpg,1622
0,imagen-1257.jpg,3187
0,imagen-1258.jpg,627
0,imagen-1259.jpg,589
0,imagen-1260.jpg,1666
0,imagen-1261.jpg,580
0,imagen-1262.jpg,1688
0,imagen-1263.jpg,1027
0,imagen-1264.jpg,2270
0,imagen-1265.jpg,1643
0,imagen-1266.jpg,1037
0,imagen-1267.jpg,1032
0,imagen-1268.jpg,4132
0,imagen-1269.jpg,3039
0,imagen-1270.jpg,1630
0,imagen-1271.jpg,4195
0,imagen-1272.jpg,2294
0,imagen-1273.jpg,551
0,imagen-1274.jpg,4129
0,imagen-1275.jpg,2370
0,imagen-1276.jpg,2390
0,imagen-1277.jpg,631
0,imagen-1278.jpg,626
0,imagen-1279.jpg,3170
0,imagen-1280.jpg,4252
0,imagen-1281.jpg,4087
0,imagen-1282.jpg,4200
0,imagen-1283.jpg,4152
0,imagen-1284.jpg,2429
0,imagen-1285.jpg,1627
0,imagen-1286.jpg,4147
0,imagen-1287.jpg,1709
0,imagen-1288.jpg,586
0,imagen-1289.jpg,1014
0,imagen-1290.jpg,554
0,imagen-1291.jpg,3195
0,imagen-1292.jpg,3272
0,imagen-1293.jpg,1716
0,imagen-1294.jpg,1549
0,imagen-1295.jpg,2387
0,imagen-1296.jpg,1095
0,imagen-1297.jpg,4199
0,imagen-1298.jpg,1663
0,imagen-1299.jpg,1656
0,imagen-1300.jpg,1608
0,imagen-1301.jpg,609
0,imagen-1302.jpg,3207
0,imagen-1303.jpg,2355
0,imagen-1304.jpg,1030
0,imagen-1305.jpg,1005
0,imagen-1306.jpg,3209
0,imagen-1307.jpg,2397
0,imagen-1308.jpg,1057
0,imagen-1309.jpg,1718
0,imagen-1310.jpg,3223
0,imagen-1311.jpg,1042
0,imagen-1312.jpg,4239
0,imagen-1313.jpg,2335
0,imagen-1314.jpg,3146
0,imagen-1315.jpg,1637
0,imagen-1316.jpg,4128
0,imagen-1317.jpg,1602
0,imagen-1318.jpg,1598
0,imagen-1319.jpg,2306
0,imagen-1320.jpg,3195
0,imagen-1321.jpg,3228
0,imagen-1322.jpg,1606
0,imagen-1323.jpg,3196
0,imagen-1324.jpg,4258
0,imagen-1325.jpg,2281
0,imagen-1326.jpg,587
0,imagen-1327.jpg,607
0,imagen-1328.jpg,3143
0,imagen-1329.jpg,4141
0,imagen-1330.jpg,1011
0,imagen-1331.jpg,1664
0,imagen-1332.jpg,4168
0,imagen-1333.jpg,2328
0,imagen-1334.jpg,2398
0,imagen-1335.jpg,617
0,imagen-1336.jpg,569
0,imagen-1337.jpg,4249
0,imagen-1338.jpg,1649
0,imagen-1339.jpg,657
0,imagen-1340.jpg,3258
0,imagen-1341.jpg,1014
0,imagen-1342.jpg,2379
0,imagen-1343.jpg,2341
0,imagen-1344.jpg,2360
0,imagen-1345.jpg,1078
0,imagen-1346.jpg,1709
0,imagen-1347.jpg,1076
0,imagen-1348.jpg,2247
0,imagen-1349.jpg,2342
0,imagen-1350.jpg,1649
0,imagen-1351.jpg,3112
0,imagen-1352.jpg,2382
0,imagen-1353.jpg,615
0,imagen-1354.jpg,1742
0,imagen-1355.jpg,1598
0,imagen-1356.jpg,1068
0,imagen-1357.jpg,2399
0,imagen-1358.jpg,1020
0,imagen-1359.jpg,586
0,imagen-1360.jpg,3248
0,imagen-1361.jpg,1621
0,imagen-1362.jpg,4210
0,imagen-1363.jpg,1081
0,imagen-1364.jpg,558
0,imagen-1365.jpg,4144
0,imagen-1366.jpg,4154
0,imagen-1367.jpg,1644
0,imagen-1368.jpg,1651
0,imagen-1369.jpg,965
0,imagen-1370.jpg,1088
0,imagen-1371.jpg,2457
0,imagen-1372.jpg,3209
0,imagen-1373.jpg,1651
0,imagen-1374.jpg,596
0,imagen-1375.jpg,2430
0,imagen-1376.jpg,564
0,imagen-1377.jpg,617
0,imagen-1378.jpg,2412
0,imagen-1379.jpg,1662
0,imagen-1380.jpg,3237
0,imagen-1381.jpg,598
0,imagen-1382.jpg,4187
0,imagen-1383.jpg,2373
0,imagen-1384.jpg,574
0,imagen-1385.jpg,612
0,imagen-1386.jpg,590
0,imagen-1387.jpg,594
0,imagen-1388.jpg,4124
0,imagen-1389.jpg,2341
0,imagen-1390.jpg,3159
0,imagen-1391.jpg,1639
0,imagen-1392.jpg,569
0,imagen-1393.jpg,592
0,imagen-1394.jpg,2352
0,imagen-1395.jpg,4152
0,imagen-1396.jpg,3154
0,imagen-1397.jpg,1078
0,imagen-1398.jpg,4123
0,imagen-1399.jpg,4281
0,imagen-1400.jpg,631
0,imagen-1401.jpg,3276
0,imagen-1402.jpg,2299
0,imagen-1403.jpg,608
0,imagen-1404.jpg,3182
0,imagen-1405.jpg,1017
0,imagen-1406.jpg,551
0,imagen-1407.jpg,4045
0,imagen-1408.jpg,3205
0,imagen-1409.jpg,1657
0,imagen-1410.jpg,577
0,imagen-1411.jpg,2476
0,imagen-1412.jpg,606
0,imagen-1413.jpg,3247
0,imagen-1414.jpg,3220
0,imagen-1415.jpg,596
0,imagen-1416.jpg,4206
0,imagen-1417.jpg,1608
0,imagen-1418.jpg,4189
0,imagen-1419.jpg,1587
0,imagen-1420.jpg,1089
0,imagen-1421.jpg,1028
0,imagen-1422.jpg,4147
0,imagen-1423.jpg,1063
0,imagen-1424.jpg,1627
0,imagen-1425.jpg,4133
0,imagen-1426.jpg,4137
0,imagen-1427.jpg,4299
0,imagen-1428.jpg,1100
0,imagen-1429.jpg,2377
0,imagen-1430.jpg,3148
0,imagen-1431.jpg,1615
0,imagen-1432.jpg,595
0,imagen-1433.jpg,1577
0,imagen-1434.jpg,583
0,imagen-1435.jpg,4215
0,imagen-1436.jpg,4257
0,imagen-1437.jpg,4175
0,imagen-1438.jpg,1685
0,imagen-1439.jpg,4234
0,imagen-1440.jpg,594
0,imagen-1441.jpg,1704
0,imagen-1442.jpg,2312
0,imagen-1443.jpg,3284
0,imagen-1444.jpg,604
0,imagen-1445.jpg,1015
0,imagen-1446.jpg,2334
0,imagen-1447.jpg,3224
0,imagen-1448.jpg,1614
0,imagen-1449.jpg,1614
0,imagen-1450.jpg,4257
0,imagen-1451.jpg,3207
0,imagen-1452.jpg,3304
0,imagen-1453.jpg,1657
0,imagen-1454.jpg,3183
0,imagen-1455.jpg,574
0,imagen-1456.jpg,1549
0,imagen-1457.jpg,1678
0,imagen-1458.jpg,3249
0,imagen-1459.jpg,3089
0,imagen-1460.jpg,1649
0,imagen-1461.jpg,4191
0,imagen-1462.jpg,561
0,imagen-1463.jpg,1072
0,imagen-1464.jpg,621
0,imagen-1465.jpg,2418
0,imagen-1466.jpg,1644
0,imagen-1467.jpg,2297
0,imagen-1468.jpg,1691
0,imagen-1469.jpg,2381
0,imagen-1470.jpg,1017
0,imagen-1471.jpg,1063
0,imagen-1472.jpg,1042
0,imagen-1473.jpg,2328
0,imagen-1474.jpg,4099
0,imagen-1475.jpg,581
0,imagen-1476.jpg,1672
0,imagen-1477.jpg,1086
0,imagen-1478.jpg,3190
0,imagen-1479.jpg,4178
0,imagen-1480.jpg,3227
0,imagen-1481.jpg,4238
0,imagen-1482.jpg,1606
0,imagen-1483.jpg,1692
0,imagen-1484.jpg,4102
0,imagen-1485.jpg,3284
0,imagen-1486.jpg,1026
0,imagen-1487.jpg,3179
0,imagen-1488.jpg,1654
0,imagen-1489.jpg,2390
0,imagen-1490.jpg,1120
0,imagen-1491.jpg,4070
0,imagen-1492.jpg,1073
0,imagen-1493.jpg,1044
0,imagen-1494.jpg,1017
0,imagen-1495.jpg,4155
0,imagen-1496.jpg,1583
0,imagen-1497.jpg,3240
0,imagen-1498.jpg,3264
0,imagen-1499.jpg,574
0,imagen-1500.jpg,1663
0,imagen-1501.jpg,603
0,imagen-1502.jpg,3241
0,imagen-1503.jpg,2347
0,imagen-1504.jpg,1022
0,imagen-1505.jpg,3104
0,imagen-1506.jpg,2382
0,imagen-1507.jpg,1060
0,imagen-1508.jpg,3160
0,imagen-1509.jpg,1672
0,imagen-1510.jpg,1077
0,imagen-1511.jpg,1646
0,imagen-1512.jpg,1663
0,imagen-1513.jpg,2339
0,imagen-1514.jpg,621
0,imagen-1515.jpg,1066
0,imagen-1516.jpg,548
0,imagen-1517.jpg,3099
0,imagen-1518.jpg,1641
0,imagen-1519.jpg,1017
0,imagen-1520.jpg,1120
0,imagen-1521.jpg,572
0,imagen-1522.jpg,1048
0,imagen-1523.jpg,2289
0,imagen-1524.jpg,1075
0,imagen-1525.jpg,2441
0,imagen-1526.jpg,572
0,imagen-1527.jpg,1645
0,imagen-1528.jpg,4229
0,imagen-1529.jpg,592
0,imagen-1530.jpg,575
0,imagen-1531.jpg,1660
0,imagen-1532.jpg,4264
0,imagen-1533.jpg,580
0,imagen-1534.jpg,568
0,imagen-1535.jpg,3199
0,imagen-1536.jpg,3170
0,imagen-1537.jpg,3282
0,imagen-1538.jpg,995
0,imagen-1539.jpg,1034
0,imagen-1540.jpg,2339
0,imagen-1541.jpg,2462
0,imagen-1542.jpg,4160
0,imagen-1543.jpg,1569
0,imagen-1544.jpg,3191
0,imagen-1545.jpg,1587
0,imagen-1546.jpg,2311
0,imagen-1547.jpg,1052
0,imagen-1548.jpg,4111
0,imagen-1549.jpg,1072
0,imagen-1550.jpg,589
0,imagen-1551.jpg,4152
0,imagen-1552.jpg,2310
0,imagen-1553.jpg,2414
0,imagen-1554.jpg,559
0,imagen-1555.jpg,1642
0,imagen-1556.jpg,3222
0,imagen-1557.jpg,3075
0,imagen-1558.jpg,4247
0,imagen-1559.jpg,1659
0,imagen-1560.jpg,2304
0,imagen-1561.jpg,564
0,imagen-1562.jpg,1068
0,imagen-1563.jpg,3014
0,imagen-1564.jpg,2327
0,imagen-1565.jpg,2278
0,imagen-1566.jpg,4164
0,imagen-1567.jpg,4136
0,imagen-1568.jpg,1649
0,imagen-1569.jpg,1686
0,imagen-1570.jpg,1037
0,imagen-1571.jpg,652
0,imagen-1572.jpg,1087
0,imagen-1573.jpg,3268
0,imagen-1574.jpg,3235
0,imagen-1575.jpg,2308
0,imagen-1576.jpg,3165
0,imagen-1577.jpg,1609
0,imagen-1578.jpg,1632
0,imagen-1579.jpg,3212
0,imagen-1580.jpg,1682
0,imagen-1581.jpg,2400
0,imagen-1582.jpg,612
0,imagen-1583.jpg,1013
0,imagen-1584.jpg,593
0,imagen-1585.jpg,3204
0,imagen-1586.jpg,2347
0,imagen-1587.jpg,1072
0,imagen-1588.jpg,3228
0,imagen-1589.jpg,1572
0,imagen-1590.jpg,2415
0,imagen-1591.jpg,4148
0,imagen-1592.jpg,1590
0,imagen-1593.jpg,4108
0,imagen-1594.jpg,4316
0,imagen-1595.jpg,1621
0,imagen-1596.jpg,3203
0,imagen-1597.jpg,1569
0,imagen-1598.jpg,584
0,imagen-1599.jpg,1022
0,imagen-1600.jpg,3113
0,imagen-1601.jpg,2419
0,imagen-1602.jpg,4210
0,imagen-1603.jpg,1111
0,imagen-1604.jpg,4261
0,imagen-1605.jpg,627
0,imagen-1606.jpg,583
0,imagen-1607.jpg,575
0,imagen-1608.jpg,1625
0,imagen-1609.jpg,2356
0,imagen-1610.jpg,1584
0,imagen-1611.jpg,4150
0,imagen-1612.jpg,4185
0,imagen-1613.jpg,576
0,imagen-1614.jpg,3193
0,imagen-1615.jpg,1618
0,imagen-1616.jpg,4155
0,imagen-1617.jpg,1052
0,imagen-1618.jpg,3131
0,imagen-1619.jpg,3111
0,imagen-1620.jpg,3364
0,imagen-1621.jpg,1038
0,imagen-1622.jpg,550
0,imagen-1623.jpg,4141
0,imagen-1624.jpg,3224
0,imagen-1625.jpg,4159
0,imagen-1626.jpg,605
0,imagen-1627.jpg,2268
0,imagen-1628.jpg,2314
0,imagen-1629.jpg,1013
0,imagen-1630.jpg,3246
0,imagen-1631.jpg,4188
0,imagen-1632.jpg,593
0,imagen-1633.jpg,2353
0,imagen-1634.jpg,1059
0,imagen-1635.jpg,2335
0,imagen-1636.jpg,3225
0,imagen-1637.jpg,4133
0,imagen-1638.jpg,1603
0,imagen-1639.jpg,3199
0,imagen-1640.jpg,1600
0,imagen-1641.jpg,3252
0,imagen-1642.jpg,1600
0,imagen-1643.jpg,3241
0,imagen-1644.jpg,1061
0,imagen-1645.jpg,4156
0,imagen-1646.jpg,4139
0,imagen-1647.jpg,1682
0,imagen-1648.jpg,2347
0,imagen-1649.jpg,1097
0,imagen-1650.jpg,2302
0,imagen-1651.jpg,581
0,imagen-1652.jpg,4225
0,imagen-1653.jpg,1101
0,imagen-1654.jpg,995
0,imagen-1655.jpg,4184
0,imagen-1656.jpg,4160
0,imagen-1657.jpg,3169
0,imagen-1658.jpg,4227
0,imagen-1659.jpg,2348
0,imagen-1660.jpg,1644
0,imagen-1661.jpg,4047
0,imagen-1662.jpg,3171
0,imagen-1663.jpg,1062
0,imagen-1664.jpg,2390
0,imagen-1665.jpg,4176
0,imagen-1666.jpg,1025
0,imagen-1667.jpg,1550
0,imagen-1668.jpg,3208
0,imagen-1669.jpg,1102
0,imagen-1670.jpg,995
0,imagen-1671.jpg,1037
0,imagen-1672.jpg,577
0,imagen-1673.jpg,3200
0,imagen-1674.jpg,2344
0,imagen-1675.jpg,1064
0,imagen-1676.jpg,619
0,imagen-1677.jpg,3129
0,imagen-1678.jpg,3307
0,imagen-1679.jpg,4120
0,imagen-1680.jpg,4147
0,imagen-1681.jpg,3236
0,imagen-1682.jpg,575
0,imagen-1683.jpg,3250
0,imagen-1684.jpg,556
0,imagen-1685.jpg,4208
0,imagen-1686.jpg,607
0,imagen-1687.jpg,2417
0,imagen-1688.jpg,1613
0,imagen-1689.jpg,3157
0,imagen-1690.jpg,607
0,imagen-1691.jpg,4192
0,imagen-1692.jpg,1053
0,imagen-1693.jpg,2366
0,imagen-1694.jpg,603
0,imagen-1695.jpg,1008
0,imagen-1696.jpg,4179
0,imagen-1697.jpg,594
0,imagen-1698.jpg,3130
0,imagen-1699.jpg,3247
0,imagen-1700.jpg,1618
0,imagen-1701.jpg,2319
0,imagen-1702.jpg,994
0,imagen-1703.jpg,4153
0,imagen-1704.jpg,2353
0,imagen-1705.jpg,1663
0,imagen-1706.jpg,4239
0,imagen-1707.jpg,4041
0,imagen-1708.jpg,2295
0,imagen-1709.jpg,603
0,imagen-1710.jpg,1620
0,imagen-1711.jpg,3102
0,imagen-1712.jpg,4088
0,imagen-1713.jpg,2343
0,imagen-1714.jpg,3165
0,imagen-1715.jpg,604
0,imagen-1716.jpg,4167
0,imagen-1717.jpg,619
0,imagen-1718.jpg,1030
0,imagen-1719.jpg,3285
0,imagen-1720.jpg,1069
0,imagen-1721.jpg,3259
0,imagen-1722.jpg,4268
0,imagen-1723.jpg,4188
0,imagen-1724.jpg,4091
0,imagen-1725.jpg,1622
0,imagen-1726.jpg,573
0,imagen-1727.jpg,4141
0,imagen-1728.jpg,1669
0,imagen-1729.jpg,3242
0,imagen-1730.jpg,1049
0,imagen-1731.jpg,571
0,imagen-1732.jpg,1078
0,imagen-1733.jpg,3166
0,imagen-1734.jpg,1044
0,imagen-1735.jpg,1676
0,imagen-1736.jpg,2336
0,imagen-1737.jpg,600
0,imagen-1738.jpg,3215
0,imagen-1739.jpg,4221
0,imagen-1740.jpg,4193
0,imagen-1741.jpg,3177
0,imagen-1742.jpg,1608
0,imagen-1743.jpg,3195
0,imagen-1744.jpg,4102
0,imagen-1745.jpg,1661
0,imagen-1746.jpg,3224
0,imagen-1747.jpg,4293
0,imagen-1748.jpg,1643
0,imagen-1749.jpg,4102
0,imagen-1750.jpg,1663
0,imagen-1751.jpg,3174
0,imagen-1752.jpg,1602
0,imagen-1753.jpg,1020
0,imagen-1754.jpg,1601
0,imagen-1755.jpg,1561
0,imagen-1756.jpg,1068
0,imagen-1757.jpg,2359
0,imagen-1758.jpg,3205
0,imagen-1759.jpg,3164
0,imagen-1760.jpg,1078
0,imagen-1761.jpg,2421
0,imagen-1762.jpg,4137
0,imagen-1763.jpg,566
0,imagen-1764.jpg,1116
0,imagen-1765.jpg,595
0,imagen-1766.jpg,630
0,imagen-1767.jpg,4234
0,imagen-1768.jpg,4140
0,imagen-1769.jpg,1721
0,imagen-1770.jpg,1694
0,imagen-1771.jpg,4127
0,imagen-1772.jpg,574
0,imagen-1773.jpg,3257
0,imagen-1774.jpg,584
0,imagen-1775.jpg,1701
0,imagen-1776.jpg,4134
0,imagen-1777.jpg,1647
0,imagen-1778.jpg,1585
0,imagen-1779.jpg,624
0,imagen-1780.jpg,1070
0,imagen-1781.jpg,2375
0,imagen-1782.jpg,2321
0,imagen-1783.jpg,1605
0,imagen-1784.jpg,1021
0,imagen-1785.jpg,1610
0,imagen-1786.jpg,1049
0,imagen-1787.jpg,4223
0,imagen-1788.jpg,3296
0,imagen-1789.jpg,2404
0,imagen-1790.jpg,4215
0,imagen-1791.jpg,1601
0,imagen-1792.jpg,566
0,imagen-1793.jpg,3255
0,imagen-1794.jpg,2357
0,imagen-1795.jpg,572
0,imagen-1796.jpg,2343
0,imagen-1797.jpg,3170
0,imagen-1798.jpg,584
0,imagen-1799.jpg,3293
